[
  {
    "id": "0bb28493-bdb7-4c2e-b159-d772dd6c6377",
    "data": [
      {
        "text": "Order status",
        "userDefined": false
      }
    ],
    "isTemplate": false,
    "count": 0,
    "lang": "en",
    "updated": 0
  },
  {
    "id": "f28efbcb-add4-404e-8d50-487487f986f8",
    "data": [
      {
        "text": "Track my order",
        "userDefined": false
      }
    ],
    "isTemplate": false,
    "count": 0,
    "lang": "en",
    "updated": 0
  },
  {
    "id": "adebc68c-678f-41f9-9fa6-723bb6d9c184",
    "data": [
      {
        "text": "Where is my order?",
        "userDefined": false
      }
    ],
    "isTemplate": false,
    "count": 0,
    "lang": "en",
    "updated": 0
  }
]