[
  {
    "id": "0bdd7cd5-0fc6-450a-9565-c09745044054",
    "data": [
      {
        "text": "I want headphones",
        "userDefined": false
      }
    ],
    "isTemplate": false,
    "count": 0,
    "lang": "en",
    "updated": 0
  },
  {
    "id": "495e4308-23c8-42e8-a287-4b65107cc322",
    "data": [
      {
        "text": "Show me mobiles",
        "userDefined": false
      }
    ],
    "isTemplate": false,
    "count": 0,
    "lang": "en",
    "updated": 0
  },
  {
    "id": "e8b26140-5529-4329-bea6-52bc437fe820",
    "data": [
      {
        "text": "Do you have shoes?",
        "userDefined": false
      }
    ],
    "isTemplate": false,
    "count": 0,
    "lang": "en",
    "updated": 0
  }
]