[
  {
    "id": "bb0e3eb5-dfd7-4d87-8c7b-7f13687f3fd3",
    "data": [
      {
        "text": "When will I get refund?",
        "userDefined": false
      }
    ],
    "isTemplate": false,
    "count": 0,
    "lang": "en",
    "updated": 0
  },
  {
    "id": "a936ec24-a6e4-4e30-baf5-dd4de4217597",
    "data": [
      {
        "text": "Money not recieved",
        "userDefined": false
      }
    ],
    "isTemplate": false,
    "count": 0,
    "lang": "en",
    "updated": 0
  },
  {
    "id": "4328e65c-355b-407e-a4d4-3d11ac809265",
    "data": [
      {
        "text": "Refund status",
        "userDefined": false
      }
    ],
    "isTemplate": false,
    "count": 0,
    "lang": "en",
    "updated": 0
  },
  {
    "id": "fc5cd709-01e6-4af3-810a-b134b992d558",
    "data": [
      {
        "text": "Where is my refund?",
        "userDefined": false
      }
    ],
    "isTemplate": false,
    "count": 0,
    "lang": "en",
    "updated": 0
  }
]