[
  {
    "id": "c7599e87-990a-4510-8848-4fb5966684d5",
    "data": [
      {
        "text": "How do I return product?",
        "userDefined": false
      }
    ],
    "isTemplate": false,
    "count": 0,
    "lang": "en",
    "updated": 0
  },
  {
    "id": "306fd439-cc24-4558-a575-badad16d02cc",
    "data": [
      {
        "text": "Return item",
        "userDefined": false
      }
    ],
    "isTemplate": false,
    "count": 0,
    "lang": "en",
    "updated": 0
  },
  {
    "id": "816c8d38-4522-4e4c-b5c5-d857f20bae86",
    "data": [
      {
        "text": "What is your return policy?",
        "userDefined": false
      }
    ],
    "isTemplate": false,
    "count": 0,
    "lang": "en",
    "updated": 0
  }
]