[
  {
    "id": "65f73afe-cbc1-4d00-a3de-cd3ec60ca683",
    "data": [
      {
        "text": "That was helpful",
        "userDefined": false
      }
    ],
    "isTemplate": false,
    "count": 1,
    "lang": "en",
    "updated": 0
  },
  {
    "id": "4ef2b01c-d0d8-4d6f-8021-5206a8ef25f7",
    "data": [
      {
        "text": "Thank you so much",
        "userDefined": false
      }
    ],
    "isTemplate": false,
    "count": 0,
    "lang": "en",
    "updated": 0
  },
  {
    "id": "6bc8a2a7-ebdc-4988-8da7-6114209993c5",
    "data": [
      {
        "text": "Thanks",
        "userDefined": false
      }
    ],
    "isTemplate": false,
    "count": 0,
    "lang": "en",
    "updated": 0
  }
]